topology,nodes,edges,avg_degree,density,max_betweenness,num_exits,k,greedy_obj,ls_obj,best_obj,greedy_time,ls_time
ARPANET,4,4,2.0,0.6667,0.6667,3,3,0.0,0.0,0.0,0.0,0.0
Renam,5,4,1.6,0.4,1.0,4,3,13.29,13.29,13.29,0.0,0.0
DataXchange,6,11,3.67,0.7333,0.4,3,3,0.0,0.0,0.0,0.0,0.0
Epoch,6,7,2.33,0.4667,0.3333,3,3,0.0,0.0,0.0,0.0,0.0
Layer42,6,7,2.33,0.4667,0.7,3,3,0.0,0.0,0.0,0.0,0.0
MREN,6,5,1.67,0.3333,1.0,5,3,24.33,24.33,24.33,0.0,0.0
NapNet,6,7,2.33,0.4667,0.75,3,3,0.0,0.0,0.0,0.0,0.0
TelecomSerbia,6,6,2.0,0.4,0.2,3,3,19.77,19.77,19.77,0.0,0.0
BASNET,7,6,1.71,0.2857,1.0,6,3,136.1,136.1,136.1,0.0,0.0
GetNet,7,8,2.29,0.381,0.5,3,3,0.0,0.0,0.0,0.0,0.0
Heanet,7,11,3.14,0.5238,0.4333,3,3,0.0,0.0,0.0,0.0,0.0
Netrail,7,10,2.86,0.4762,0.4,3,3,0.0,0.0,0.0,0.0,0.0
NORDU,7,6,1.71,0.2857,0.9333,5,3,292.52,292.52,292.52,0.0,0.0
Sanren,7,7,2.0,0.3333,0.2,3,3,91.56,91.56,91.56,0.0,0.0
GlobalNetRu,8,7,1.75,0.25,0.8571,5,3,213.75,213.75,213.75,0.0,0.0
Hibernia Atlantic (Ireland),8,8,2.0,0.2857,0.5714,3,3,0.0,0.0,0.0,0.0,0.0
ARPANET,9,10,2.22,0.2778,0.6071,3,3,1.02,1.02,1.02,0.0,0.0
GlobalCenter,9,36,8.0,1.0,0.0,3,3,0.0,0.0,0.0,0.0,0.0
GridNet,9,20,4.44,0.5556,0.0893,3,3,0.0,0.0,0.0,0.0,0.0
NORDU,9,9,2.0,0.25,0.8929,6,3,271.58,271.58,271.58,0.0,0.0
AI3,10,9,1.8,0.2,0.9444,7,3,16.74,16.74,16.74,0.0,0.0
CESNET,10,9,1.8,0.2,0.9167,8,3,73.09,73.09,73.09,0.0,0.0
NSFCNET,10,10,2.0,0.2222,0.625,3,3,0.0,0.0,0.0,0.0,0.0
Abilene,11,14,2.55,0.2545,0.3407,3,3,218.99,200.49,200.49,0.0,0.0
Itnet,11,10,1.82,0.1818,1.0,10,3,169.32,169.32,169.32,0.0,0.0
Singaren,11,10,1.82,0.1818,1.0,10,3,19.11,19.11,19.11,0.0,0.0
Sprint,11,18,3.27,0.3273,0.3537,3,3,0.0,0.0,0.0,0.0,0.0
Janet External,12,10,1.67,0.1515,0.4727,9,3,0.0,0.0,0.0,0.0,0.0
T-lex,12,13,2.17,0.197,0.7455,8,3,26.4,20.2,20.2,0.0,0.0
CESNET,13,12,1.85,0.1538,0.7273,8,3,76.87,76.87,76.87,0.0,0.0
CESNET,13,12,1.85,0.1538,0.9091,11,3,78.79,78.79,78.79,0.0,0.0
EEnet,13,13,2.0,0.1667,0.7727,8,3,134.13,113.24,113.24,0.0,0.0
Hibernia Atlantic (Canada),13,14,2.15,0.1795,0.3333,3,3,0.0,0.0,0.0,0.0,0.0
KREONET,13,12,1.85,0.1538,0.9394,10,3,148.69,148.69,148.69,0.0,0.0
Navigata ,13,17,2.62,0.2179,0.5114,6,3,712.56,712.56,712.56,0.0,0.0
NSF,13,15,2.31,0.1923,0.4318,3,3,138.16,138.16,138.16,0.0,0.0
UniNet,13,18,2.77,0.2308,0.5682,3,3,0.0,0.0,0.0,0.0,0.0
Compuserve,14,17,2.43,0.1868,0.6688,3,3,0.0,0.0,0.0,0.0,0.0
ILAN,14,15,2.14,0.1648,0.6603,9,3,32.01,32.01,32.01,0.0,0.0
NORDU,14,13,1.86,0.1429,0.9231,12,3,634.88,634.88,634.88,0.0,0.0
Claranet,15,18,2.4,0.1714,0.5769,6,3,496.48,396.56,396.56,0.0,0.0
euNetworks ,15,16,2.13,0.1524,0.2857,3,3,0.0,0.0,0.0,0.0,0.0
Hibernia Atlantic (UK),15,15,2.0,0.1429,0.3626,3,3,97.51,77.73,77.73,0.0,0.0
PADI2,15,6,0.8,0.0571,0.1648,6,3,0.0,0.0,0.0,0.0,0.0
SpiraLight,15,16,2.13,0.1524,0.6044,3,3,49.17,8.62,8.62,0.0,0.0
Airtel,16,26,3.25,0.2167,0.3016,8,3,10510.57,10510.57,10510.57,0.0,0.0
GARR,16,18,2.25,0.15,0.4762,12,3,263.92,263.92,263.92,0.0,0.0
GRENA,16,15,1.88,0.125,0.6476,7,3,100.84,61.73,61.73,0.0,0.0
Hostway International,16,21,2.62,0.175,0.4429,4,3,1891.07,214.18,214.18,0.0,0.0
KentMan,16,17,2.12,0.1417,0.5381,7,3,16.37,8.07,8.07,0.0,0.0
MARWAN,16,17,2.12,0.1417,0.5,7,3,30.9,30.9,30.9,0.0,0.0
peer1,16,20,2.5,0.1667,0.3933,3,3,0.0,0.0,0.0,0.0,0.0
RHnet,16,18,2.25,0.15,0.6143,4,3,18.2,18.2,18.2,0.0,0.0
FatMan,17,21,2.47,0.1544,0.5667,8,3,123.28,123.28,123.28,0.0,0.0
GoodNet,17,31,3.65,0.2279,0.3047,4,3,244.51,244.51,244.51,0.0,0.0
Nextgen ,17,19,2.24,0.1397,0.4667,4,3,450.53,428.4,428.4,0.0,0.0
ANS,18,25,2.78,0.1634,0.3069,4,3,1036.82,779.25,779.25,0.0,0.0
ARPANET,18,22,2.44,0.1438,0.3468,4,3,11.71,11.71,11.71,0.0,0.0
BSONetworkSolutions,18,23,2.56,0.1503,0.4101,6,3,778.78,778.78,778.78,0.0,0.0
Hibernia Atlantic (N. Ireland),18,21,2.33,0.1373,0.3676,4,3,147.95,48.69,48.69,0.0,0.0
Highwinds,18,31,3.44,0.2026,0.3575,4,3,59.6,59.6,59.6,0.0,0.0
IBM,18,24,2.67,0.1569,0.2817,4,3,424.09,424.09,424.09,0.0,0.0
JGN2plus-Japan,18,17,1.89,0.1111,0.8162,11,3,587.87,587.87,587.87,0.0,0.0
NORDU,18,17,1.89,0.1111,0.5809,12,3,0.0,0.0,0.0,0.0,0.0
Pacific-Wave,18,22,2.44,0.1438,0.6507,8,3,477.97,477.97,477.97,0.0,0.0
Sago,18,17,1.89,0.1111,0.6618,3,3,21.81,21.81,21.81,0.0,0.0
AARNET,19,24,2.53,0.1404,0.4535,4,3,1128.17,430.54,430.54,0.0,0.0
EasyNet ,19,26,2.74,0.152,0.5365,6,3,604.65,604.65,604.65,0.0,0.0
InternetMCI,19,33,3.47,0.193,0.2455,4,3,20.13,20.13,20.13,0.0,0.0
Noel Communications ,19,25,2.63,0.1462,0.5489,4,3,70.12,70.12,70.12,0.0,0.0
RedIris,19,31,3.26,0.1813,0.6471,4,3,155.29,155.29,155.29,0.0,0.0
Restena,19,21,2.21,0.1228,0.5915,9,3,7.82,7.79,7.79,0.0,0.0
Savvis,19,20,2.11,0.117,0.4771,4,3,322.09,322.09,322.09,0.0,0.0
BT Asia-Pacific,20,31,3.1,0.1632,0.5645,6,3,4403.53,2205.05,2205.05,0.0,0.0
Electric Lightwave,20,30,3.0,0.1579,0.3696,4,3,1447.37,1447.37,1447.37,0.0,0.0
Janet Lense,20,34,3.4,0.1789,0.4386,3,3,18.0,18.0,18.0,0.0,0.0
MARNET,20,27,2.7,0.1421,0.7982,10,3,5.07,5.07,5.07,0.0,0.001
Oxford,20,26,2.6,0.1368,0.6335,4,3,30.34,30.34,30.34,0.0,0.0
Quest ,20,31,3.1,0.1632,0.3908,4,3,3245.24,2897.34,2897.34,0.0,0.0
TWAREN,20,20,2.0,0.1053,0.5877,16,3,36.85,29.8,29.8,0.0,0.0
ATMnet,21,22,2.1,0.1048,0.4711,5,3,1381.36,1381.36,1381.36,0.0,0.0
BELNET,21,24,2.29,0.1143,0.5079,5,3,90.36,90.36,90.36,0.0,0.0
BELNET,21,24,2.29,0.1143,0.5079,5,3,90.36,90.36,90.36,0.0,0.0
BELNET,21,24,2.29,0.1143,0.5079,5,3,81.23,81.23,81.23,0.0,0.0
GTS Romania,21,24,2.29,0.1143,0.6763,10,3,181.85,181.85,181.85,0.0,0.0
HARNET,21,23,2.19,0.1095,0.5991,12,3,33.69,18.64,18.64,0.0,0.0
Packet Exchange,21,27,2.57,0.1286,0.4526,5,3,3622.03,3622.03,3622.03,0.0,0.0
Azrena,22,21,1.91,0.0909,0.8048,14,3,38.52,38.52,38.52,0.0,0.0
Bandcon ,22,28,2.55,0.1212,0.396,5,3,0.0,0.0,0.0,0.0,0.0
BELNET,22,25,2.27,0.1082,0.5183,5,3,24.53,24.53,24.53,0.0,0.0
GARR,22,24,2.18,0.1039,0.5667,18,3,271.29,271.29,271.29,0.0,0.0
GARR,22,24,2.18,0.1039,0.5,18,3,281.57,281.57,281.57,0.0,0.0
Hibernia Atlantic (US),22,29,2.64,0.1255,0.4394,3,3,0.0,0.0,0.0,0.0,0.0
AboveNet,23,31,2.7,0.1225,0.3052,5,3,1549.74,1549.74,1549.74,0.0,0.0
ACOnet,23,31,2.7,0.1225,0.4134,5,3,4.5,4.5,4.5,0.0,0.0
BELNET,23,39,3.39,0.1542,0.3939,5,3,6.99,6.99,6.99,0.0,0.0
BELNET,23,39,3.39,0.1542,0.3939,5,3,6.99,6.99,6.99,0.0,0.0
BELNET,23,41,3.57,0.1621,0.3939,3,3,0.0,0.0,0.0,0.0,0.0
BELNET,23,41,3.57,0.1621,0.3939,3,3,0.0,0.0,0.0,0.0,0.0
CESNET,23,23,2.0,0.0909,0.8831,16,3,96.13,96.13,96.13,0.0,0.0
FCCN,23,25,2.17,0.0988,0.7035,16,3,461.34,248.0,248.0,0.0,0.0
GARR,23,25,2.17,0.0988,0.4805,19,3,261.12,261.12,261.12,0.0,0.001
GARR,23,25,2.17,0.0988,0.4805,19,3,292.24,292.24,292.24,0.0,0.001
iSTAR,23,23,2.0,0.0909,0.5152,16,3,871.88,769.32,769.32,0.0,0.0
KentMan,23,23,2.0,0.0909,0.5541,14,3,0.0,0.0,0.0,0.0,0.0
YorkDataServices,23,24,2.09,0.0949,0.3658,3,3,0.0,0.0,0.0,0.0,0.0
BT Europe,24,37,3.08,0.1341,0.5026,7,3,247.13,247.13,247.13,0.0,0.0
GARR,24,26,2.17,0.0942,0.5257,20,3,315.32,300.26,300.26,0.0,0.0
Hurricane Electric ,24,37,3.08,0.1341,0.4171,7,3,9242.08,7647.31,7647.31,0.0,0.0
PsiNet,24,25,2.08,0.0906,0.4704,6,3,2391.68,2329.51,2329.51,0.0,0.0
Renater,24,23,1.92,0.0833,0.8972,13,3,545.12,545.12,545.12,0.0,0.0
Renater,24,27,2.25,0.0978,0.668,10,3,371.65,356.19,356.19,0.0,0.0
URAN,24,24,2.0,0.087,0.834,11,3,549.54,501.92,501.92,0.0,0.0
Vision Net,24,23,1.92,0.0833,0.6798,8,3,925.42,470.03,470.03,0.0,0.0
Xeex,24,34,2.83,0.1232,0.5242,5,3,1797.01,1196.9,1196.9,0.0,0.0
AGIS,25,30,2.4,0.1,0.4321,9,3,2391.93,1192.91,1192.91,0.0,0.0
AMRES,25,24,1.92,0.08,0.75,12,3,214.23,166.09,166.09,0.0,0.0
ARPANET,25,28,2.24,0.0933,0.3617,5,3,821.34,546.41,546.41,0.0,0.0
ATT North America,25,56,4.48,0.1867,0.3156,5,3,1117.77,1088.63,1088.63,0.0,0.0
KAREN,25,28,2.24,0.0933,0.5417,12,3,269.68,269.68,269.68,0.0,0.0
Uni-C,25,27,2.16,0.09,0.5435,9,3,154.06,122.78,122.78,0.0,0.0
VinaREN,25,26,2.08,0.0867,0.6413,17,3,2483.42,2315.16,2315.16,0.0,0.0
FUNET,26,30,2.31,0.0923,0.3317,3,3,58.3,58.3,58.3,0.0,0.0
KentMan,26,27,2.08,0.0831,0.5811,18,3,39.25,19.81,19.81,0.0,0.0
OPTOSUNET,26,32,2.46,0.0985,0.3733,6,3,826.99,512.8,512.8,0.0,0.0
BBNplanet,27,28,2.07,0.0798,0.4631,17,3,2313.51,1992.01,1992.01,0.0,0.0
GARR,27,28,2.07,0.0798,0.5662,23,3,361.05,312.83,312.83,0.0,0.0
GEANT,27,38,2.81,0.1083,0.5205,9,3,2580.73,2524.72,2524.72,0.0,0.0
Integra Telecom ,27,36,2.67,0.1026,0.3796,3,3,0.0,0.0,0.0,0.0,0.0
Darkstrand ,28,31,2.21,0.082,0.4031,6,3,3304.97,1874.11,1874.11,0.0,0.0
Gambia,28,28,2.0,0.0741,0.8476,16,3,107.28,107.28,107.28,0.0,0.0
KentMan,28,29,2.07,0.0767,0.6059,15,3,0.0,0.0,0.0,0.0,0.0
Shentel ,28,35,2.5,0.0926,0.453,3,3,0.0,0.0,0.0,0.0,0.0
ARPANET,29,32,2.21,0.0788,0.2606,6,3,1102.55,1102.55,1102.55,0.0,0.0
BizNetworks,29,33,2.28,0.0813,0.4603,6,3,448.74,448.74,448.74,0.0,0.0
CESNET,29,33,2.28,0.0813,0.7235,17,3,228.34,228.34,228.34,0.0,0.0
Janet Backbone,29,45,3.1,0.1108,0.4097,6,3,394.17,184.0,184.0,0.0,0.0
ARN,30,29,1.93,0.0667,0.83,26,3,426.32,426.32,426.32,0.0,0.0
Cynet,30,29,1.93,0.0667,0.8227,23,3,41.53,41.5,41.5,0.0,0.0
ERNET,30,32,2.13,0.0736,0.6232,20,3,2666.46,2083.74,2083.74,0.0,0.0
GTS Hungary,30,31,2.07,0.0713,0.8805,17,3,158.18,158.18,158.18,0.0,0.0
Renater,30,36,2.4,0.0828,0.7594,11,3,251.9,251.9,251.9,0.0,0.0
WIDE,30,33,2.2,0.0759,0.6084,17,3,3782.54,3782.54,3782.54,0.0,0.0
DIGEX,31,35,2.26,0.0753,0.3245,7,3,2121.44,2121.44,2121.44,0.0,0.0
IINET ,31,35,2.26,0.0753,0.5736,22,3,2225.4,2225.4,2225.4,0.0,0.0
RNP,31,34,2.19,0.0731,0.5839,9,3,2304.29,1767.99,1767.99,0.0,0.0
Canerie,32,41,2.56,0.0827,0.4846,11,3,3181.23,2304.16,2304.16,0.0,0.001
GTS Czech Republic,32,33,2.06,0.0665,0.5871,13,3,309.45,309.45,309.45,0.0,0.0
BICS,33,48,2.91,0.0909,0.4938,5,3,1652.68,993.64,993.64,0.0,0.0
CRL,33,38,2.3,0.072,0.4472,7,3,2224.06,1898.35,1898.35,0.0,0.0
GTS Poland,33,37,2.24,0.0701,0.4681,7,3,377.6,321.89,321.89,0.0,0.0
INS IXC Services ,33,41,2.48,0.0777,0.3824,6,3,634.6,515.32,515.32,0.0,0.0
Renater,33,43,2.61,0.0814,0.5729,6,3,338.57,230.43,230.43,0.0,0.001
Renater,33,43,2.61,0.0814,0.5729,6,3,338.57,230.43,230.43,0.0,0.0
ARNES,34,46,2.71,0.082,0.6177,3,3,0.0,0.0,0.0,0.0,0.001
GEANT,34,52,3.06,0.0927,0.483,4,3,1095.73,1095.73,1095.73,0.0,0.001
Xspedius,34,49,2.88,0.0873,0.4891,7,3,1414.93,1066.37,1066.37,0.0,0.0
GTS Slovakia,35,37,2.11,0.0622,0.7415,26,3,76.57,76.57,76.57,0.0,0.0
Network USA ,35,39,2.23,0.0655,0.4545,7,3,727.8,512.83,512.83,0.0,0.0
BT North America,36,76,4.22,0.1206,0.2834,8,3,2651.72,1807.14,1807.14,0.0,0.0
CWIX,36,41,2.28,0.0651,0.5076,15,3,2270.52,2270.52,2270.52,0.0,0.0
NIIF,36,41,2.28,0.0651,0.8062,17,3,261.69,261.69,261.69,0.0,0.001
PIONIER,36,41,2.28,0.0651,0.4025,7,3,966.04,812.98,812.98,0.0,0.0
Zamren,36,34,1.89,0.054,0.5798,23,3,0.0,0.0,0.0,0.0,0.0
BREN,37,38,2.05,0.0571,0.7635,20,3,336.39,271.79,271.79,0.001,0.0
EvoLink,37,45,2.43,0.0676,0.7608,13,3,452.01,383.51,383.51,0.0,0.001
GEANT,37,56,3.03,0.0841,0.4859,6,3,2381.3,1732.37,1732.37,0.0,0.0
GRnet,37,42,2.27,0.0631,0.612,18,3,586.86,494.49,494.49,0.0,0.0
IIJ,37,65,3.51,0.0976,0.3956,10,3,3570.39,3570.39,3570.39,0.0,0.001
Myren,37,39,2.11,0.0586,0.673,31,3,586.75,603.27,586.75,0.0,0.001
Reuna,37,36,1.95,0.0541,0.7349,19,3,1200.62,1200.62,1200.62,0.0,0.001
KentMan,38,38,2.0,0.0541,0.6562,31,3,65.58,45.19,45.19,0.0,0.001
PIONIER,38,45,2.37,0.064,0.4457,10,3,554.56,497.92,497.92,0.0,0.0
CESNET,39,44,2.26,0.0594,0.6598,25,3,338.07,316.48,316.48,0.0,0.001
CESNET,39,44,2.26,0.0594,0.6598,25,3,338.07,316.48,316.48,0.0,0.0
Deutsche Telekom ,39,62,3.18,0.0837,0.2331,5,3,0.0,0.0,0.0,0.0,0.0
ValleyNet,39,51,2.62,0.0688,0.478,4,3,622.05,280.1,280.1,0.0,0.001
GEANT,40,61,3.05,0.0782,0.5024,8,3,2544.44,2150.98,2150.98,0.0,0.0
Cernet,41,58,2.83,0.0707,0.6068,11,3,1626.34,1549.58,1549.58,0.0,0.0
China Telecom ,42,66,3.14,0.0767,0.4941,22,3,3622.13,2539.28,2539.28,0.0,0.001
Lambdanet ,42,46,2.19,0.0534,0.4299,6,3,226.88,79.01,79.01,0.0,0.0
RoEduNet,42,46,2.19,0.0534,0.6866,35,3,913.95,667.38,667.38,0.0,0.0
SWITCH,42,63,3.0,0.0732,0.434,12,3,148.18,148.18,148.18,0.0,0.0
LITNET,43,43,2.0,0.0476,0.5412,38,3,266.02,266.02,266.02,0.0,0.0
Renater,43,56,2.6,0.062,0.4634,5,3,262.89,262.89,262.89,0.0,0.0
SANET,43,45,2.09,0.0498,0.4141,12,3,443.11,310.91,310.91,0.0,0.0
Carnet,44,43,1.95,0.0455,0.8815,35,3,337.48,337.48,337.48,0.0,0.0
CESNET,44,51,2.32,0.0539,0.6881,32,3,224.84,223.55,223.55,0.0,0.0
PalmettoNet ,45,64,2.84,0.0646,0.3105,3,3,173.14,111.35,111.35,0.0,0.0
NTT,47,63,2.68,0.0583,0.1575,6,3,0.0,0.0,0.0,0.0,0.0
Bell Canada,48,64,2.67,0.0567,0.4186,6,3,904.73,492.35,492.35,0.0,0.0
NTELOS ,48,58,2.42,0.0514,0.3815,5,3,0.0,0.0,0.0,0.0,0.001
RoEduNet,48,52,2.17,0.0461,0.5281,18,3,827.03,816.64,816.64,0.0,0.0
UUNET,49,84,3.43,0.0714,0.2663,11,3,2636.02,2636.02,2636.02,0.0,0.0
SURFNET,50,68,2.72,0.0555,0.5064,3,3,24.47,24.47,24.47,0.0,0.0
Bell South ,51,66,2.59,0.0518,0.6056,26,3,1955.34,1903.62,1903.62,0.0,0.0
BT Latin America,51,50,1.96,0.0392,0.5404,12,3,0.0,0.0,0.0,0.0,0.0
CUDI,51,52,2.04,0.0408,0.7461,35,3,63.04,60.23,60.23,0.0,0.0
IRIS Networks ,51,64,2.51,0.0502,0.4614,4,3,482.12,234.68,234.68,0.0,0.001
CESNET,52,63,2.42,0.0475,0.7216,33,3,384.91,351.93,351.93,0.0,0.0
BTN ,53,65,2.45,0.0472,0.4681,25,3,4310.38,3750.84,3750.84,0.0,0.001
Tinet,53,89,3.36,0.0646,0.3279,4,3,4633.62,2475.43,2475.43,0.0,0.0
GARR,54,68,2.52,0.0475,0.4679,31,3,1111.21,960.75,960.75,0.0,0.0
GARR,54,68,2.52,0.0475,0.4679,31,3,1111.21,960.75,960.75,0.0,0.001
GARR,54,68,2.52,0.0475,0.4393,31,3,1112.51,971.23,971.23,0.0,0.0
GARR,54,68,2.52,0.0475,0.4393,31,3,1112.51,971.23,971.23,0.0,0.0
GARR,54,68,2.52,0.0475,0.4393,31,3,1112.51,971.23,971.23,0.0,0.001
GARR,54,68,2.52,0.0475,0.4393,31,3,1112.51,971.23,971.23,0.0,0.001
GARR,55,69,2.51,0.0465,0.4601,32,3,1139.0,977.16,977.16,0.0,0.0
GARR,55,69,2.51,0.0465,0.4601,32,3,1144.44,982.83,982.83,0.0,0.001
GARR,55,69,2.51,0.0465,0.4601,32,3,1148.31,969.37,969.37,0.0,0.0
GARR,55,69,2.51,0.0465,0.4601,32,3,1148.31,969.37,969.37,0.0,0.001
Hibernia Atlantic ,55,81,2.95,0.0545,0.4954,11,3,3327.32,1563.35,1563.35,0.0,0.001
GARR,56,70,2.5,0.0455,0.4526,33,3,1165.05,992.11,992.11,0.0,0.001
GARR,56,70,2.5,0.0455,0.4526,33,3,1165.05,992.11,992.11,0.0,0.001
GARR,56,70,2.5,0.0455,0.4526,33,3,1165.05,992.11,992.11,0.0,0.001
GARR,57,71,2.49,0.0445,0.4533,33,3,1149.41,996.75,996.75,0.0,0.0
DFN,58,87,3.0,0.0526,0.4794,7,3,541.79,541.79,541.79,0.0,0.0
GARR,58,72,2.48,0.0436,0.4587,33,3,1173.56,991.42,991.42,0.0,0.0
GARR,59,74,2.51,0.0432,0.4522,33,3,1207.89,964.45,964.45,0.0,0.001
GARR,59,74,2.51,0.0432,0.4547,32,3,1228.63,960.49,960.49,0.0,0.001
GARR,59,74,2.51,0.0432,0.4547,32,3,1228.63,960.49,960.49,0.0,0.0
GARR,59,74,2.51,0.0432,0.4547,32,3,1228.63,960.49,960.49,0.0,0.0
GARR,59,74,2.51,0.0432,0.4702,32,3,1228.6,960.57,960.57,0.0,0.001
GARR,59,74,2.51,0.0432,0.4702,32,3,1228.6,960.57,960.57,0.0,0.001
GARR,60,74,2.47,0.0418,0.5146,33,3,1115.46,937.21,937.21,0.0,0.0
GARR,61,75,2.46,0.041,0.5078,34,3,1165.86,1023.3,1023.3,0.0,0.001
GARR,61,75,2.46,0.041,0.5078,34,3,1165.86,1023.3,1023.3,0.0,0.001
FORTHNET,62,62,2.0,0.0328,0.8951,50,3,908.34,908.34,908.34,0.0,0.001
US Signal,63,78,2.48,0.0399,0.3222,13,3,0.0,0.0,0.0,0.0,0.001
ASNET-AM,65,77,2.37,0.037,0.6663,33,3,74.21,72.52,72.52,0.0,0.001
Internode,66,77,2.33,0.0359,0.5099,47,3,19473.51,18461.72,18461.72,0.0,0.0
GlobeNet,67,95,2.84,0.043,0.4498,7,3,10123.9,10123.9,10123.9,0.0,0.0
Missouri Network Alliance ,67,83,2.48,0.0375,0.3608,8,3,757.56,732.64,732.64,0.0,0.002
ESnet,68,79,2.32,0.0347,0.3807,38,3,5080.42,5063.49,5063.49,0.0,0.0
LATNET,69,74,2.14,0.0315,0.926,37,3,305.19,303.73,303.73,0.0,0.001
Uninett,69,96,2.78,0.0409,0.3341,11,3,2001.29,1195.02,1195.02,0.0,0.001
Columbus Networks,70,85,2.43,0.0352,0.3698,9,3,6138.31,4411.57,4411.57,0.0,0.0
Intellifiber,73,95,2.6,0.0361,0.4279,7,3,1651.74,1037.91,1037.91,0.0,0.001
Tecove (level3),73,70,1.92,0.0266,0.6976,50,3,0.0,0.0,0.0,0.0,0.0
Sinet,74,76,2.05,0.0281,0.488,50,3,874.48,792.8,792.8,0.0,0.001
SWITCH,74,92,2.49,0.0341,0.3471,19,3,686.66,547.07,547.07,0.0,0.001
Syringa Networks,74,74,2.0,0.0274,0.5266,23,3,1046.99,1005.15,1005.15,0.0,0.002
Uninett,74,101,2.73,0.0374,0.3534,15,3,2037.48,1269.56,1269.56,0.0,0.003
TW Telecom,76,115,3.03,0.0404,0.3933,7,3,0.0,0.0,0.0,0.0,0.001
ULAKNET,82,82,2.0,0.0247,0.934,50,3,697.62,697.62,697.62,0.0,0.001
Bestel ,84,93,2.21,0.0267,0.5049,10,3,3690.62,3460.46,3460.46,0.0,0.001
Viatel,88,92,2.09,0.024,0.5078,18,3,2138.69,1889.45,1889.45,0.0,0.001
Viatel,92,96,2.09,0.0229,0.4913,19,3,2520.64,1886.18,1886.18,0.0,0.003
OTEGlobe ,93,103,2.22,0.0241,0.2819,24,3,0.0,0.0,0.0,0.0,0.0
Interroute ,110,146,2.65,0.0244,0.3294,8,3,4238.2,4238.2,4238.2,0.0,0.003
ITC Deltacom ,113,161,2.85,0.0254,0.4503,4,3,249.68,249.68,249.68,0.0,0.002
ION,125,146,2.34,0.0188,0.3574,11,3,2270.92,2270.92,2270.92,0.0,0.003
PERN,127,129,2.03,0.0161,0.4659,50,3,1615.97,1615.97,1615.97,0.0,0.002
TATA,145,186,2.57,0.0178,0.3015,9,3,4889.81,4830.91,4830.91,0.001,0.003
GTS CE,149,193,2.59,0.0175,0.5002,12,3,5395.11,5395.11,5395.11,0.0,0.003
Colt Telecom ,153,177,2.31,0.0152,0.5417,50,3,6361.88,4786.59,4786.59,0.0,0.005
US Carrier,158,189,2.39,0.0152,0.517,8,3,5873.74,4023.1,4023.1,0.0,0.004
Dial Telecom ,193,151,1.56,0.0081,0.1672,24,3,0.0,0.0,0.0,0.001,0.002
Cogent ,197,243,2.47,0.0126,0.3872,22,3,13035.37,9480.82,9480.82,0.0,0.008
Kentucky Datalink ,754,895,2.37,0.0032,0.2666,42,3,27996.31,19622.03,19622.03,0.003,0.112
