topology,nodes,edges,method,k,objective,time_sec
ARPANET,4,4,Greedy,3,0.0,0.0
ARPANET,4,4,LocalSearch,3,0.0,0.0
ARPANET,4,4,ILP,3,0.0,0.013000011444091797
Renam,5,4,Greedy,3,13.293820302714641,0.0
Renam,5,4,LocalSearch,3,13.293820302714641,0.0
Renam,5,4,ILP,3,13.293820302714641,0.01699995994567871
DataXchange,6,11,Greedy,3,0.0,0.0
DataXchange,6,11,LocalSearch,3,0.0,0.0
DataXchange,6,11,ILP,3,0.0,0.015000104904174805
Epoch,6,7,Greedy,3,0.0,0.0
Epoch,6,7,LocalSearch,3,0.0,0.0
Epoch,6,7,ILP,3,0.0,0.02200007438659668
Layer42,6,7,Greedy,3,0.0,0.0
Layer42,6,7,LocalSearch,3,0.0,0.0
Layer42,6,7,ILP,3,0.0,0.017999887466430664
MREN,6,5,Greedy,3,24.33442042787372,0.0
MREN,6,5,LocalSearch,3,24.33442042787372,0.0
MREN,6,5,ILP,3,24.33442042787372,0.020999908447265625
NapNet,6,7,Greedy,3,0.0,0.0
NapNet,6,7,LocalSearch,3,0.0,0.0
NapNet,6,7,ILP,3,0.0,0.019999980926513672
TelecomSerbia,6,6,Greedy,3,19.77048919770806,0.0
TelecomSerbia,6,6,LocalSearch,3,19.77048919770806,0.0
TelecomSerbia,6,6,ILP,3,19.77048919770806,0.019999980926513672
BASNET,7,6,Greedy,3,136.0993694605087,0.0
BASNET,7,6,LocalSearch,3,136.0993694605087,0.0
BASNET,7,6,ILP,3,136.09936946050874,0.021000146865844727
GetNet,7,8,Greedy,3,0.0,0.0
GetNet,7,8,LocalSearch,3,0.0,0.0
GetNet,7,8,ILP,3,0.0,0.018000125885009766
Heanet,7,11,Greedy,3,0.0,0.0
Heanet,7,11,LocalSearch,3,0.0,0.0
Heanet,7,11,ILP,3,0.0,0.019999980926513672
Netrail,7,10,Greedy,3,0.0,0.0
Netrail,7,10,LocalSearch,3,0.0,0.0
Netrail,7,10,ILP,3,0.0,0.018000125885009766
NORDU,7,6,Greedy,3,292.5238869957083,0.0
NORDU,7,6,LocalSearch,3,292.5238869957083,0.0
NORDU,7,6,ILP,3,292.5238869957083,0.021000146865844727
Sanren,7,7,Greedy,3,91.56292691657552,0.0
Sanren,7,7,LocalSearch,3,91.56292691657552,0.0
Sanren,7,7,ILP,3,91.56292691657552,0.01900005340576172
GlobalNetRu,8,7,Greedy,3,213.75027992019437,0.0
GlobalNetRu,8,7,LocalSearch,3,213.75027992019437,0.0
GlobalNetRu,8,7,ILP,3,213.75027992019437,0.017999887466430664
Hibernia Atlantic (Ireland),8,8,Greedy,3,0.0,0.0
Hibernia Atlantic (Ireland),8,8,LocalSearch,3,0.0,0.0
Hibernia Atlantic (Ireland),8,8,ILP,3,0.0,0.017999887466430664
ARPANET,9,10,Greedy,3,1.0242071769845593,0.0
ARPANET,9,10,LocalSearch,3,1.0242071769845593,0.0
ARPANET,9,10,ILP,3,1.0242071769845704,0.01900005340576172
GlobalCenter,9,36,Greedy,3,0.0,0.0
GlobalCenter,9,36,LocalSearch,3,0.0,0.0
GlobalCenter,9,36,ILP,3,0.0,0.018000125885009766
GridNet,9,20,Greedy,3,0.0,0.0
GridNet,9,20,LocalSearch,3,0.0,0.0
GridNet,9,20,ILP,3,0.0,0.017999887466430664
NORDU,9,9,Greedy,3,271.5813139359808,0.0
NORDU,9,9,LocalSearch,3,271.5813139359808,0.0
NORDU,9,9,ILP,3,271.5813139359808,0.019999980926513672
AI3,10,9,Greedy,3,16.738872137982355,0.0
AI3,10,9,LocalSearch,3,16.738872137982355,0.0
AI3,10,9,ILP,3,16.73887213798236,0.016000032424926758
CESNET,10,9,Greedy,3,73.09298788738002,0.0
CESNET,10,9,LocalSearch,3,73.09298788738002,0.0
CESNET,10,9,ILP,3,73.09298788738002,0.01699995994567871
NSFCNET,10,10,Greedy,3,0.0,0.0
NSFCNET,10,10,LocalSearch,3,0.0,0.0
NSFCNET,10,10,ILP,3,0.0,0.019999980926513672
Abilene,11,14,Greedy,3,218.99381514635985,0.0
Abilene,11,14,LocalSearch,3,200.490432552829,0.0
Abilene,11,14,ILP,3,200.490432552829,0.023000001907348633
Itnet,11,10,Greedy,3,169.31784985600385,0.0
Itnet,11,10,LocalSearch,3,169.31784985600385,0.0
Itnet,11,10,ILP,3,169.31784985600385,0.01699995994567871
Singaren,11,10,Greedy,3,19.114018127119177,0.0
Singaren,11,10,LocalSearch,3,19.114018127119177,0.0
Singaren,11,10,ILP,3,19.114018127119177,0.018000125885009766
Sprint,11,18,Greedy,3,0.0,0.0
Sprint,11,18,LocalSearch,3,0.0,0.0
Sprint,11,18,ILP,3,0.0,0.018000125885009766
Janet External,12,10,Greedy,3,0.0,0.0
Janet External,12,10,LocalSearch,3,0.0,0.0
Janet External,12,10,ILP,3,0.0,0.017999887466430664
T-lex,12,13,Greedy,3,26.395515496985514,0.0
T-lex,12,13,LocalSearch,3,20.198826493644283,0.0
T-lex,12,13,ILP,3,20.198826493644283,0.01699995994567871
CESNET,13,12,Greedy,3,76.8696528885667,0.0
CESNET,13,12,LocalSearch,3,76.8696528885667,0.0
CESNET,13,12,ILP,3,76.8696528885667,0.018000125885009766
CESNET,13,12,Greedy,3,78.78752801112209,0.0
CESNET,13,12,LocalSearch,3,78.78752801112209,0.0
CESNET,13,12,ILP,3,78.78752801112209,0.019999980926513672
EEnet,13,13,Greedy,3,134.12831064748104,0.0
EEnet,13,13,LocalSearch,3,113.23798421705841,0.0
EEnet,13,13,ILP,3,113.23798421705843,0.019999980926513672
Hibernia Atlantic (Canada),13,14,Greedy,3,0.0,0.0
Hibernia Atlantic (Canada),13,14,LocalSearch,3,0.0,0.0010001659393310547
Hibernia Atlantic (Canada),13,14,ILP,3,0.0,0.021999835968017578
KREONET,13,12,Greedy,3,148.68674368820598,0.0
KREONET,13,12,LocalSearch,3,148.68674368820598,0.0
KREONET,13,12,ILP,3,148.68674368820598,0.01900005340576172
Navigata ,13,17,Greedy,3,712.5615751863071,0.0
Navigata ,13,17,LocalSearch,3,712.5615751863071,0.0009999275207519531
Navigata ,13,17,ILP,3,712.5615751863072,0.02200007438659668
NSF,13,15,Greedy,3,138.16321325107813,0.0
NSF,13,15,LocalSearch,3,138.16321325107813,0.0
NSF,13,15,ILP,3,138.1632132510781,0.023999929428100586
UniNet,13,18,Greedy,3,0.0,0.0
UniNet,13,18,LocalSearch,3,0.0,0.0
UniNet,13,18,ILP,3,0.0,0.01900005340576172
Compuserve,14,17,Greedy,3,0.0,0.0
Compuserve,14,17,LocalSearch,3,0.0,0.0009999275207519531
Compuserve,14,17,ILP,3,0.0,0.026000022888183594
ILAN,14,15,Greedy,3,32.00908453547027,0.0
ILAN,14,15,LocalSearch,3,32.00908453547027,0.0009999275207519531
ILAN,14,15,ILP,3,32.00908453547027,0.02500009536743164
NORDU,14,13,Greedy,3,634.8786052356868,0.0
NORDU,14,13,LocalSearch,3,634.8786052356868,0.0
NORDU,14,13,ILP,3,634.8786052356868,0.018999814987182617
Claranet,15,18,Greedy,3,496.4834421237201,0.0
Claranet,15,18,LocalSearch,3,396.5646472309541,0.0
Claranet,15,18,ILP,3,396.56464723095405,0.02500009536743164
euNetworks ,15,16,Greedy,3,0.0,0.0
euNetworks ,15,16,LocalSearch,3,0.0,0.0
euNetworks ,15,16,ILP,3,0.0,0.02500009536743164
Hibernia Atlantic (UK),15,15,Greedy,3,97.50616734337198,0.0
Hibernia Atlantic (UK),15,15,LocalSearch,3,77.73304256598117,0.0
Hibernia Atlantic (UK),15,15,ILP,3,77.73304256598117,0.020999908447265625
PADI2,15,6,Greedy,3,0.0,0.0
PADI2,15,6,LocalSearch,3,0.0,0.0
PADI2,15,6,ILP,3,0.0,0.020999908447265625
SpiraLight,15,16,Greedy,3,49.1688172910884,0.0
SpiraLight,15,16,LocalSearch,3,8.623754450501186,0.0
SpiraLight,15,16,ILP,3,8.623754450501186,0.02200007438659668
Airtel,16,26,Greedy,3,10510.571392759715,0.0
Airtel,16,26,LocalSearch,3,10510.571392759715,0.0
Airtel,16,26,ILP,3,10510.571392759715,0.023999929428100586
GARR,16,18,Greedy,3,263.91670866160894,0.0
GARR,16,18,LocalSearch,3,263.91670866160894,0.0
GARR,16,18,ILP,3,263.91670866160894,0.02200007438659668
GRENA,16,15,Greedy,3,100.83996449864176,0.0
GRENA,16,15,LocalSearch,3,61.72619443721388,0.0
GRENA,16,15,ILP,3,61.72619443721388,0.023999929428100586
Hostway International,16,21,Greedy,3,1891.0668373963908,0.0
Hostway International,16,21,LocalSearch,3,214.17826012225248,0.0
Hostway International,16,21,ILP,3,214.17826012225248,0.01699995994567871
KentMan,16,17,Greedy,3,16.371840168928987,0.0
KentMan,16,17,LocalSearch,3,8.067728193171025,0.0
KentMan,16,17,ILP,3,8.067728193171027,0.023000001907348633
MARWAN,16,17,Greedy,3,30.89905102963682,0.0
MARWAN,16,17,LocalSearch,3,30.89905102963682,0.0
MARWAN,16,17,ILP,3,30.89905102963682,0.019999980926513672
peer1,16,20,Greedy,3,0.0,0.0
peer1,16,20,LocalSearch,3,0.0,0.0
peer1,16,20,ILP,3,0.0,0.07200002670288086
RHnet,16,18,Greedy,3,18.200204202898366,0.0
RHnet,16,18,LocalSearch,3,18.200204202898366,0.0
RHnet,16,18,ILP,3,18.200204202898366,0.023999929428100586
FatMan,17,21,Greedy,3,123.28056910996821,0.0
FatMan,17,21,LocalSearch,3,123.28056910996821,0.0
FatMan,17,21,ILP,3,123.2805691099682,0.026999950408935547
GoodNet,17,31,Greedy,3,244.5097844134047,0.0
GoodNet,17,31,LocalSearch,3,244.5097844134047,0.0
GoodNet,17,31,ILP,3,244.5097844134047,0.026000022888183594
Nextgen ,17,19,Greedy,3,450.53041030899385,0.0
Nextgen ,17,19,LocalSearch,3,428.40347151411123,0.0
Nextgen ,17,19,ILP,3,428.4034715141112,0.01900005340576172
ANS,18,25,Greedy,3,1036.816516259782,0.0
ANS,18,25,LocalSearch,3,779.2478241654906,0.0
ANS,18,25,ILP,3,779.2478241654907,0.026999950408935547
ARPANET,18,22,Greedy,3,11.714888951179933,0.0
ARPANET,18,22,LocalSearch,3,11.714888951179933,0.0
ARPANET,18,22,ILP,3,11.714888951179933,0.026000022888183594
BSONetworkSolutions,18,23,Greedy,3,778.7774607985056,0.0
BSONetworkSolutions,18,23,LocalSearch,3,778.7774607985054,0.0
BSONetworkSolutions,18,23,ILP,3,778.7774607985056,0.026000022888183594
Hibernia Atlantic (N. Ireland),18,21,Greedy,3,147.95068420943898,0.0
Hibernia Atlantic (N. Ireland),18,21,LocalSearch,3,48.69399474865869,0.0
Hibernia Atlantic (N. Ireland),18,21,ILP,3,48.69399474865869,0.02200007438659668
Highwinds,18,31,Greedy,3,59.59960518254957,0.0
Highwinds,18,31,LocalSearch,3,59.59960518254957,0.0
Highwinds,18,31,ILP,3,59.59960518254957,0.02700018882751465
IBM,18,24,Greedy,3,424.09103080660793,0.0
IBM,18,24,LocalSearch,3,424.09103080660793,0.0
IBM,18,24,ILP,3,424.09103080660793,0.026000022888183594
JGN2plus-Japan,18,17,Greedy,3,587.8675390029209,0.0
JGN2plus-Japan,18,17,LocalSearch,3,587.867539002921,0.0
JGN2plus-Japan,18,17,ILP,3,587.8675390029209,0.02500009536743164
NORDU,18,17,Greedy,3,0.0,0.0
NORDU,18,17,LocalSearch,3,0.0,0.0
NORDU,18,17,ILP,3,0.0,0.026000022888183594
Pacific-Wave,18,22,Greedy,3,477.96586302065884,0.0
Pacific-Wave,18,22,LocalSearch,3,477.96586302065884,0.0
Pacific-Wave,18,22,ILP,3,477.9658630206588,0.021999835968017578
Sago,18,17,Greedy,3,21.809715337454616,0.0
Sago,18,17,LocalSearch,3,21.809715337454616,0.0009999275207519531
Sago,18,17,ILP,3,21.809715337454616,0.023000001907348633
AARNET,19,24,Greedy,3,1128.1721892034998,0.0
AARNET,19,24,LocalSearch,3,430.5400201949274,0.0
AARNET,19,24,ILP,3,430.5400201949275,0.025999784469604492
EasyNet ,19,26,Greedy,3,604.6510344262563,0.0
EasyNet ,19,26,LocalSearch,3,604.6510344262564,0.0
EasyNet ,19,26,ILP,3,604.6510344262563,0.029000043869018555
InternetMCI,19,33,Greedy,3,20.126200963884738,0.0
InternetMCI,19,33,LocalSearch,3,20.126200963884738,0.0
InternetMCI,19,33,ILP,3,20.126200963884738,0.02499985694885254
Noel Communications ,19,25,Greedy,3,70.11890009801998,0.0
Noel Communications ,19,25,LocalSearch,3,70.11890009801998,0.0
Noel Communications ,19,25,ILP,3,70.11890009801998,0.023000001907348633
RedIris,19,31,Greedy,3,155.28785736807404,0.0009999275207519531
RedIris,19,31,LocalSearch,3,155.28785736807407,0.0
RedIris,19,31,ILP,3,155.28785736807407,0.023000001907348633
Restena,19,21,Greedy,3,7.815963847462226,0.0
Restena,19,21,LocalSearch,3,7.792041531890158,0.0
Restena,19,21,ILP,3,7.792041531890158,0.029000043869018555
Savvis,19,20,Greedy,3,322.0852901356132,0.0
Savvis,19,20,LocalSearch,3,322.0852901356132,0.0
Savvis,19,20,ILP,3,322.0852901356132,0.023999929428100586
BT Asia-Pacific,20,31,Greedy,3,4403.527016372336,0.0
BT Asia-Pacific,20,31,LocalSearch,3,2205.051765439892,0.0
BT Asia-Pacific,20,31,ILP,3,2205.0517654398923,0.0279998779296875
Electric Lightwave,20,30,Greedy,3,1447.365438202607,0.0
Electric Lightwave,20,30,LocalSearch,3,1447.3654382026068,0.0
Electric Lightwave,20,30,ILP,3,1447.365438202607,0.026999950408935547
Janet Lense,20,34,Greedy,3,18.002413068449385,0.0
Janet Lense,20,34,LocalSearch,3,18.002413068449385,0.0
Janet Lense,20,34,ILP,3,18.002413068449385,0.029999971389770508
MARNET,20,27,Greedy,3,5.071014842213319,0.0
MARNET,20,27,LocalSearch,3,5.071014842213319,0.0
MARNET,20,27,ILP,3,5.0710148422133186,0.026999950408935547
Oxford,20,26,Greedy,3,30.33584735617854,0.0
Oxford,20,26,LocalSearch,3,30.33584735617854,0.0
Oxford,20,26,ILP,3,30.33584735617854,0.02700018882751465
Quest ,20,31,Greedy,3,3245.241816816011,0.0
Quest ,20,31,LocalSearch,3,2897.3440154490972,0.0
Quest ,20,31,ILP,3,2897.3440154490972,0.026999950408935547
TWAREN,20,20,Greedy,3,36.846734642601824,0.0
TWAREN,20,20,LocalSearch,3,29.797065738917457,0.0
TWAREN,20,20,ILP,3,29.797065738917457,0.0279998779296875
ATMnet,21,22,Greedy,3,1381.3617429047376,0.0
ATMnet,21,22,LocalSearch,3,1381.3617429047379,0.0
ATMnet,21,22,ILP,3,1381.3617429047376,0.029999971389770508
BELNET,21,24,Greedy,3,90.35614034454711,0.0
BELNET,21,24,LocalSearch,3,90.35614034454713,0.0
BELNET,21,24,ILP,3,90.35614034454713,0.026999950408935547
BELNET,21,24,Greedy,3,90.35614034454711,0.0
BELNET,21,24,LocalSearch,3,90.35614034454713,0.0
BELNET,21,24,ILP,3,90.35614034454713,0.031999826431274414
BELNET,21,24,Greedy,3,81.23302360939957,0.0
BELNET,21,24,LocalSearch,3,81.23302360939955,0.0
BELNET,21,24,ILP,3,81.23302360939955,0.026999950408935547
GTS Romania,21,24,Greedy,3,181.85068687449268,0.0
GTS Romania,21,24,LocalSearch,3,181.85068687449268,0.0
GTS Romania,21,24,ILP,3,181.85068687449268,0.03500008583068848
HARNET,21,23,Greedy,3,33.69198585802096,0.0
HARNET,21,23,LocalSearch,3,18.64098259961528,0.0009999275207519531
HARNET,21,23,ILP,3,18.64098259961528,0.032000064849853516
Packet Exchange,21,27,Greedy,3,3622.0296054215573,0.0
Packet Exchange,21,27,LocalSearch,3,3622.0296054215573,0.0
Packet Exchange,21,27,ILP,3,3622.0296054215573,0.028999805450439453
Azrena,22,21,Greedy,3,38.517260522646026,0.0
Azrena,22,21,LocalSearch,3,38.517260522646026,0.0
Azrena,22,21,ILP,3,38.517260522646026,0.032000064849853516
Bandcon ,22,28,Greedy,3,0.0,0.0
Bandcon ,22,28,LocalSearch,3,0.0,0.0
Bandcon ,22,28,ILP,3,0.0,0.02499985694885254
BELNET,22,25,Greedy,3,24.529375446225522,0.0
BELNET,22,25,LocalSearch,3,24.529375446225522,0.0
BELNET,22,25,ILP,3,24.529375446225522,0.034999847412109375
GARR,22,24,Greedy,3,271.29468983035525,0.0
GARR,22,24,LocalSearch,3,271.29468983035525,0.0009999275207519531
GARR,22,24,ILP,3,271.2946898303553,0.02500009536743164
GARR,22,24,Greedy,3,281.57275849586694,0.0
GARR,22,24,LocalSearch,3,281.57275849586694,0.0
GARR,22,24,ILP,3,281.572758495867,0.0279998779296875
Hibernia Atlantic (US),22,29,Greedy,3,0.0,0.0
Hibernia Atlantic (US),22,29,LocalSearch,3,0.0,0.0
Hibernia Atlantic (US),22,29,ILP,3,0.0,0.039999961853027344
AboveNet,23,31,Greedy,3,1549.7413617980196,0.0
AboveNet,23,31,LocalSearch,3,1549.7413617980196,0.0010001659393310547
AboveNet,23,31,ILP,3,1549.7413617980194,0.03399991989135742
ACOnet,23,31,Greedy,3,4.499442887737164,0.0
ACOnet,23,31,LocalSearch,3,4.499442887737164,0.0
ACOnet,23,31,ILP,3,4.499442887737164,0.034999847412109375
BELNET,23,39,Greedy,3,6.991714110145089,0.0
BELNET,23,39,LocalSearch,3,6.991714110145089,0.0
BELNET,23,39,ILP,3,6.991714110145089,0.03900003433227539
BELNET,23,39,Greedy,3,6.991714110145089,0.0
BELNET,23,39,LocalSearch,3,6.991714110145089,0.0010001659393310547
BELNET,23,39,ILP,3,6.991714110145089,0.03600001335144043
BELNET,23,41,Greedy,3,0.0,0.0
BELNET,23,41,LocalSearch,3,0.0,0.0
BELNET,23,41,ILP,3,0.0,0.03600001335144043
BELNET,23,41,Greedy,3,0.0,0.0
BELNET,23,41,LocalSearch,3,0.0,0.0
BELNET,23,41,ILP,3,0.0,0.03600001335144043
CESNET,23,23,Greedy,3,96.13388657119962,0.0
CESNET,23,23,LocalSearch,3,96.13388657119961,0.0
CESNET,23,23,ILP,3,96.13388657119961,0.031000137329101562
FCCN,23,25,Greedy,3,461.33814535981605,0.0
FCCN,23,25,LocalSearch,3,247.99637062160744,0.0
FCCN,23,25,ILP,3,247.9963706216074,0.03400015830993652
GARR,23,25,Greedy,3,261.11785378638183,0.0
GARR,23,25,LocalSearch,3,261.1178537863818,0.0010001659393310547
GARR,23,25,ILP,3,261.1178537863818,0.03099989891052246
GARR,23,25,Greedy,3,292.2350883256616,0.0
GARR,23,25,LocalSearch,3,292.2350883256616,0.0
GARR,23,25,ILP,3,292.23508832566165,0.029000043869018555
iSTAR,23,23,Greedy,3,871.877317262186,0.0
iSTAR,23,23,LocalSearch,3,769.3177481731622,0.0
iSTAR,23,23,ILP,3,769.3177481731623,0.03500008583068848
KentMan,23,23,Greedy,3,0.0,0.0
KentMan,23,23,LocalSearch,3,0.0,0.0
KentMan,23,23,ILP,3,0.0,0.03099989891052246
YorkDataServices,23,24,Greedy,3,0.0,0.0
YorkDataServices,23,24,LocalSearch,3,0.0,0.0
YorkDataServices,23,24,ILP,3,0.0,0.03600001335144043
BT Europe,24,37,Greedy,3,247.13100123400568,0.0
BT Europe,24,37,LocalSearch,3,247.1310012340057,0.0
BT Europe,24,37,ILP,3,247.1310012340057,0.03900003433227539
GARR,24,26,Greedy,3,315.3249015542864,0.0
GARR,24,26,LocalSearch,3,300.2648109829549,0.0
GARR,24,26,ILP,3,300.2648109829549,0.03399991989135742
Hurricane Electric ,24,37,Greedy,3,9242.080117004803,0.0
Hurricane Electric ,24,37,LocalSearch,3,7647.308686304848,0.0
Hurricane Electric ,24,37,ILP,3,7647.308686304849,0.07899999618530273
PsiNet,24,25,Greedy,3,2391.6789218089884,0.0
PsiNet,24,25,LocalSearch,3,2329.507542355101,0.0
PsiNet,24,25,ILP,3,2329.5075423551007,0.03400015830993652
Renater,24,23,Greedy,3,545.1181283472331,0.0
Renater,24,23,LocalSearch,3,545.1181283472332,0.0
Renater,24,23,ILP,3,545.1181283472331,0.039999961853027344
Renater,24,27,Greedy,3,371.64746177066104,0.0
Renater,24,27,LocalSearch,3,356.1905200634246,0.0
Renater,24,27,ILP,3,356.1905200634246,0.0409998893737793
URAN,24,24,Greedy,3,549.5395827597591,0.0
URAN,24,24,LocalSearch,3,501.9243561378708,0.0
URAN,24,24,ILP,3,501.92435613787086,0.03299999237060547
Vision Net,24,23,Greedy,3,925.42179526605,0.0
Vision Net,24,23,LocalSearch,3,470.02623737906737,0.0
Vision Net,24,23,ILP,3,470.02623737906737,0.03699994087219238
Xeex,24,34,Greedy,3,1797.0056109559264,0.0
Xeex,24,34,LocalSearch,3,1196.8992202178881,0.0010001659393310547
Xeex,24,34,ILP,3,1196.8992202178881,0.03399991989135742
AGIS,25,30,Greedy,3,2391.927834523538,0.0
AGIS,25,30,LocalSearch,3,1192.9095150942915,0.0
AGIS,25,30,ILP,3,1192.9095150942915,0.03599977493286133
AMRES,25,24,Greedy,3,214.22548608319147,0.0
AMRES,25,24,LocalSearch,3,166.08831856182783,0.0
AMRES,25,24,ILP,3,166.0883185618278,0.03600001335144043
ARPANET,25,28,Greedy,3,821.3421975139138,0.0
ARPANET,25,28,LocalSearch,3,546.4090016189305,0.0
ARPANET,25,28,ILP,3,546.4090016189306,0.0410001277923584
ATT North America,25,56,Greedy,3,1117.7655251708939,0.0
ATT North America,25,56,LocalSearch,3,1088.632233081346,0.0
ATT North America,25,56,ILP,3,1088.632233081346,0.03899979591369629
KAREN,25,28,Greedy,3,269.6840724591102,0.0
KAREN,25,28,LocalSearch,3,269.6840724591102,0.0
KAREN,25,28,ILP,3,269.68407245911015,0.03500008583068848
Uni-C,25,27,Greedy,3,154.05629475485577,0.0
Uni-C,25,27,LocalSearch,3,122.77810685380776,0.0
Uni-C,25,27,ILP,3,122.77810685380774,0.03899979591369629
VinaREN,25,26,Greedy,3,2483.4176037015723,0.0009999275207519531
VinaREN,25,26,LocalSearch,3,2315.1589718821815,0.0
VinaREN,25,26,ILP,3,2315.1589718821815,0.03399991989135742
FUNET,26,30,Greedy,3,58.30385422340074,0.0
FUNET,26,30,LocalSearch,3,58.30385422340074,0.0
FUNET,26,30,ILP,3,58.30385422340074,0.04800009727478027
KentMan,26,27,Greedy,3,39.251763504857415,0.0
KentMan,26,27,LocalSearch,3,19.80667060264577,0.0
KentMan,26,27,ILP,3,19.806670602645774,0.0409998893737793
OPTOSUNET,26,32,Greedy,3,826.9856489791295,0.0
OPTOSUNET,26,32,LocalSearch,3,512.8011657651405,0.0
OPTOSUNET,26,32,ILP,3,512.8011657651406,0.04200005531311035
BBNplanet,27,28,Greedy,3,2313.5069365357367,0.0
BBNplanet,27,28,LocalSearch,3,1992.0082125698914,0.0
BBNplanet,27,28,ILP,3,1992.0082125698914,0.048999786376953125
GARR,27,28,Greedy,3,361.0506607142619,0.0
GARR,27,28,LocalSearch,3,312.83132572970896,0.0
GARR,27,28,ILP,3,312.83132572970896,0.04699993133544922
GEANT,27,38,Greedy,3,2580.733172100949,0.0
GEANT,27,38,LocalSearch,3,2524.7167862032725,0.0
GEANT,27,38,ILP,3,2524.716786203273,0.04900002479553223
Integra Telecom ,27,36,Greedy,3,0.0,0.0
Integra Telecom ,27,36,LocalSearch,3,0.0,0.0
Integra Telecom ,27,36,ILP,3,0.0,0.05200004577636719
Darkstrand ,28,31,Greedy,3,3304.973028378969,0.0
Darkstrand ,28,31,LocalSearch,3,1874.112913742113,0.0009999275207519531
Darkstrand ,28,31,ILP,3,1874.112913742113,0.04999995231628418
Gambia,28,28,Greedy,3,107.28363524108549,0.0
Gambia,28,28,LocalSearch,3,107.28363524108549,0.0
Gambia,28,28,ILP,3,107.28363524108549,0.042999982833862305
KentMan,28,29,Greedy,3,0.0,0.0
KentMan,28,29,LocalSearch,3,0.0,0.0009999275207519531
KentMan,28,29,ILP,3,0.0,0.04200005531311035
Shentel ,28,35,Greedy,3,0.0,0.0
Shentel ,28,35,LocalSearch,3,0.0,0.0
Shentel ,28,35,ILP,3,0.0,0.053999900817871094
ARPANET,29,32,Greedy,3,1102.5471614774638,0.0
ARPANET,29,32,LocalSearch,3,1102.5471614774638,0.0
ARPANET,29,32,ILP,3,1102.5471614774638,0.046000003814697266
BizNetworks,29,33,Greedy,3,448.73912232977995,0.0
BizNetworks,29,33,LocalSearch,3,448.73912232977995,0.0
BizNetworks,29,33,ILP,3,448.73912232977995,0.04799985885620117
CESNET,29,33,Greedy,3,228.3370261972043,0.0
CESNET,29,33,LocalSearch,3,228.33702619720427,0.0009999275207519531
CESNET,29,33,ILP,3,228.33702619720432,0.046000003814697266
Janet Backbone,29,45,Greedy,3,394.1655581465771,0.0
Janet Backbone,29,45,LocalSearch,3,183.99973835428634,0.0
Janet Backbone,29,45,ILP,3,183.99973835428634,0.04799985885620117
ARN,30,29,Greedy,3,426.31697674169226,0.0
ARN,30,29,LocalSearch,3,426.31697674169226,0.0010001659393310547
ARN,30,29,ILP,3,426.3169767416923,0.06999993324279785
Cynet,30,29,Greedy,3,41.52684340559805,0.0
Cynet,30,29,LocalSearch,3,41.50459950043198,0.0009999275207519531
Cynet,30,29,ILP,3,41.50459950043198,0.04999995231628418
ERNET,30,32,Greedy,3,2666.4599158991027,0.0
ERNET,30,32,LocalSearch,3,2083.73737613549,0.0010001659393310547
ERNET,30,32,ILP,3,2083.73737613549,0.04799985885620117
GTS Hungary,30,31,Greedy,3,158.18465418500597,0.0
GTS Hungary,30,31,LocalSearch,3,158.18465418500597,0.0
GTS Hungary,30,31,ILP,3,158.18465418500597,0.04699993133544922
Renater,30,36,Greedy,3,251.89701288601347,0.0
Renater,30,36,LocalSearch,3,251.89701288601347,0.0
Renater,30,36,ILP,3,251.89701288601344,0.05200004577636719
WIDE,30,33,Greedy,3,3782.5428679019724,0.0
WIDE,30,33,LocalSearch,3,3782.5428679019733,0.0
WIDE,30,33,ILP,3,3782.5428679019733,0.05200004577636719
DIGEX,31,35,Greedy,3,2121.439288730458,0.0
DIGEX,31,35,LocalSearch,3,2121.439288730458,0.0
DIGEX,31,35,ILP,3,2121.439288730458,0.04999995231628418
IINET ,31,35,Greedy,3,2225.3994619416626,0.0
IINET ,31,35,LocalSearch,3,2225.3994619416635,0.0010001659393310547
IINET ,31,35,ILP,3,2225.3994619416626,0.05099987983703613
RNP,31,34,Greedy,3,2304.288667901597,0.0
RNP,31,34,LocalSearch,3,1767.991996416098,0.0009999275207519531
RNP,31,34,ILP,3,1767.9919964160977,0.04999995231628418
Canerie,32,41,Greedy,3,3181.2309646652593,0.0
Canerie,32,41,LocalSearch,3,2304.155482081428,0.0
Canerie,32,41,ILP,3,2304.155482081428,0.04399991035461426
GTS Czech Republic,32,33,Greedy,3,309.4462976245799,0.0
GTS Czech Republic,32,33,LocalSearch,3,309.44629762457987,0.0
GTS Czech Republic,32,33,ILP,3,309.4462976245799,0.054000139236450195
BICS,33,48,Greedy,3,1652.6782616238117,0.0
BICS,33,48,LocalSearch,3,993.636644839875,0.0
BICS,33,48,ILP,3,993.6366448398751,0.06200003623962402
CRL,33,38,Greedy,3,2224.0638661897237,0.0
CRL,33,38,LocalSearch,3,1898.3467032570106,0.0
CRL,33,38,ILP,3,1898.34670325701,0.05500006675720215
GTS Poland,33,37,Greedy,3,377.5974026526528,0.0
GTS Poland,33,37,LocalSearch,3,321.8938979944769,0.0
GTS Poland,33,37,ILP,3,321.89389799447684,0.05900001525878906
INS IXC Services ,33,41,Greedy,3,634.6021801047812,0.0
INS IXC Services ,33,41,LocalSearch,3,515.3177573279586,0.0009999275207519531
INS IXC Services ,33,41,ILP,3,515.3177573279586,0.05900001525878906
Renater,33,43,Greedy,3,338.57063553377,0.0
Renater,33,43,LocalSearch,3,230.4349871783284,0.0
Renater,33,43,ILP,3,230.4349871783284,0.053999900817871094
Renater,33,43,Greedy,3,338.57063553377,0.0
Renater,33,43,LocalSearch,3,230.4349871783284,0.0
Renater,33,43,ILP,3,230.4349871783284,0.054000139236450195
ARNES,34,46,Greedy,3,0.0,0.0
ARNES,34,46,LocalSearch,3,0.0,0.0009999275207519531
ARNES,34,46,ILP,3,0.0,0.06300020217895508
GEANT,34,52,Greedy,3,1095.7259125155385,0.0
GEANT,34,52,LocalSearch,3,1095.7259125155385,0.0
GEANT,34,52,ILP,3,1095.7259125155385,0.07000017166137695
Xspedius,34,49,Greedy,3,1414.9310153765002,0.0
Xspedius,34,49,LocalSearch,3,1066.3725763573254,0.0
Xspedius,34,49,ILP,3,1066.3725763573254,0.07800006866455078
GTS Slovakia,35,37,Greedy,3,76.56937071317732,0.0
GTS Slovakia,35,37,LocalSearch,3,76.56937071317729,0.0010001659393310547
GTS Slovakia,35,37,ILP,3,76.5693707131773,0.056999921798706055
Network USA ,35,39,Greedy,3,727.8034399904924,0.0
Network USA ,35,39,LocalSearch,3,512.8332124621738,0.0
Network USA ,35,39,ILP,3,512.8332124621738,0.059999942779541016
BT North America,36,76,Greedy,3,2651.7231773495782,0.0
BT North America,36,76,LocalSearch,3,1807.1390132104427,0.0
BT North America,36,76,ILP,3,1807.1390132104427,0.0710000991821289
CWIX,36,41,Greedy,3,2270.51629221837,0.0
CWIX,36,41,LocalSearch,3,2270.5162922183695,0.0
CWIX,36,41,ILP,3,2270.51629221837,0.07299995422363281
NIIF,36,41,Greedy,3,261.68896439381996,0.0
NIIF,36,41,LocalSearch,3,261.68896439381996,0.0
NIIF,36,41,ILP,3,261.68896439381996,0.06699991226196289
PIONIER,36,41,Greedy,3,966.0392565614354,0.0
PIONIER,36,41,LocalSearch,3,812.9768550174066,0.0
PIONIER,36,41,ILP,3,812.9768550174064,0.07800006866455078
Zamren,36,34,Greedy,3,0.0,0.0
Zamren,36,34,LocalSearch,3,0.0,0.0009999275207519531
Zamren,36,34,ILP,3,0.0,0.06200003623962402
BREN,37,38,Greedy,3,336.38703658882594,0.0
BREN,37,38,LocalSearch,3,271.7910192615054,0.0
BREN,37,38,ILP,3,271.79101926150554,0.0690000057220459
EvoLink,37,45,Greedy,3,452.0079976042403,0.0
EvoLink,37,45,LocalSearch,3,383.50937319956535,0.0009999275207519531
EvoLink,37,45,ILP,3,383.50937319956523,0.06700015068054199
GEANT,37,56,Greedy,3,2381.3009208495064,0.0
GEANT,37,56,LocalSearch,3,1732.3672383138999,0.0
GEANT,37,56,ILP,3,1732.3672383139,0.07400012016296387
GRnet,37,42,Greedy,3,586.8580119955639,0.0
GRnet,37,42,LocalSearch,3,494.48602886991114,0.0
GRnet,37,42,ILP,3,494.4860288699112,0.07599997520446777
IIJ,37,65,Greedy,3,3570.393182313751,0.0
IIJ,37,65,LocalSearch,3,3570.393182313751,0.0009999275207519531
IIJ,37,65,ILP,3,3570.393182313751,0.07200002670288086
Myren,37,39,Greedy,3,586.7543853497222,0.0
Myren,37,39,LocalSearch,3,586.754385349722,0.0
Myren,37,39,ILP,3,586.754385349722,0.0709998607635498
Reuna,37,36,Greedy,3,1200.6226648258494,0.0
Reuna,37,36,LocalSearch,3,1200.6226648258498,0.0009999275207519531
Reuna,37,36,ILP,3,1200.6226648258494,0.06400012969970703
KentMan,38,38,Greedy,3,65.58259602620296,0.0
KentMan,38,38,LocalSearch,3,45.19018697013717,0.0010001659393310547
KentMan,38,38,ILP,3,45.19018697013717,0.09099984169006348
PIONIER,38,45,Greedy,3,554.5576363314094,0.0
PIONIER,38,45,LocalSearch,3,497.9181890932123,0.0
PIONIER,38,45,ILP,3,497.9181890932123,0.07400012016296387
CESNET,39,44,Greedy,3,338.0708625715079,0.0
CESNET,39,44,LocalSearch,3,316.47888797621147,0.0010001659393310547
CESNET,39,44,ILP,3,316.4788879762115,0.07499980926513672
CESNET,39,44,Greedy,3,338.0708625715079,0.0
CESNET,39,44,LocalSearch,3,316.47888797621147,0.0
CESNET,39,44,ILP,3,316.4788879762115,0.07700014114379883
Deutsche Telekom ,39,62,Greedy,3,0.0,0.0
Deutsche Telekom ,39,62,LocalSearch,3,0.0,0.0
Deutsche Telekom ,39,62,ILP,3,0.0,0.0840001106262207
ValleyNet,39,51,Greedy,3,622.0512117160063,0.0
ValleyNet,39,51,LocalSearch,3,280.1027370001208,0.0
ValleyNet,39,51,ILP,3,280.1027370001209,0.07499980926513672
GEANT,40,61,Greedy,3,2544.4446615784086,0.0
GEANT,40,61,LocalSearch,3,2150.977053016685,0.0009999275207519531
GEANT,40,61,ILP,3,2150.977053016685,0.08300018310546875
Cernet,41,58,Greedy,3,1626.3395703437352,0.0
Cernet,41,58,LocalSearch,3,1549.578746664448,0.0009999275207519531
Cernet,41,58,ILP,3,1549.578746664448,0.08700013160705566
China Telecom ,42,66,Greedy,3,3622.1311891174046,0.0
China Telecom ,42,66,LocalSearch,3,2539.2797097918174,0.0
China Telecom ,42,66,ILP,3,2539.2797097918183,0.09099984169006348
Lambdanet ,42,46,Greedy,3,226.87861999940063,0.0
Lambdanet ,42,46,LocalSearch,3,79.01457996152136,0.0
Lambdanet ,42,46,ILP,3,79.01457996152133,0.09099984169006348
RoEduNet,42,46,Greedy,3,913.9508766182073,0.0
RoEduNet,42,46,LocalSearch,3,667.3756611814197,0.0
RoEduNet,42,46,ILP,3,667.3756611814197,0.08500003814697266
SWITCH,42,63,Greedy,3,148.1778791394744,0.0
SWITCH,42,63,LocalSearch,3,148.17787913947444,0.0
SWITCH,42,63,ILP,3,148.17787913947438,0.08899998664855957
LITNET,43,43,Greedy,3,266.01572693716054,0.0
LITNET,43,43,LocalSearch,3,266.01572693716054,0.0009999275207519531
LITNET,43,43,ILP,3,266.0157269371606,0.1119999885559082
Renater,43,56,Greedy,3,262.88778696193975,0.0
Renater,43,56,LocalSearch,3,262.8877869619397,0.0
Renater,43,56,ILP,3,262.8877869619397,0.08800005912780762
SANET,43,45,Greedy,3,443.11076104500086,0.0
SANET,43,45,LocalSearch,3,310.91081972146674,0.0
SANET,43,45,ILP,3,310.91081972146685,0.0820000171661377
Carnet,44,43,Greedy,3,337.4766394189814,0.0
Carnet,44,43,LocalSearch,3,337.4766394189814,0.0
Carnet,44,43,ILP,3,337.4766394189814,0.09500002861022949
CESNET,44,51,Greedy,3,224.84012243989403,0.0
CESNET,44,51,LocalSearch,3,223.54541024195757,0.0
CESNET,44,51,ILP,3,223.54541024195754,0.09200000762939453
PalmettoNet ,45,64,Greedy,3,173.1440810790001,0.0009999275207519531
PalmettoNet ,45,64,LocalSearch,3,111.35209071994589,0.0
PalmettoNet ,45,64,ILP,3,111.3520907199459,0.10500001907348633
NTT,47,63,Greedy,3,0.0,0.0
NTT,47,63,LocalSearch,3,0.0,0.0
NTT,47,63,ILP,3,0.0,0.1119999885559082
Bell Canada,48,64,Greedy,3,904.7259092167245,0.0
Bell Canada,48,64,LocalSearch,3,492.3494513222418,0.0
Bell Canada,48,64,ILP,3,492.3494513222418,0.1099998950958252
NTELOS ,48,58,Greedy,3,0.0,0.0
NTELOS ,48,58,LocalSearch,3,0.0,0.0
NTELOS ,48,58,ILP,3,0.0,0.11500000953674316
RoEduNet,48,52,Greedy,3,827.0253086404756,0.0
RoEduNet,48,52,LocalSearch,3,816.6378504990316,0.0009999275207519531
RoEduNet,48,52,ILP,3,816.6378504990317,0.1119999885559082
UUNET,49,84,Greedy,3,2636.018803798216,0.0
UUNET,49,84,LocalSearch,3,2636.018803798216,0.0009999275207519531
UUNET,49,84,ILP,3,2636.018803798216,0.15600013732910156
SURFNET,50,68,Greedy,3,24.47396357137008,0.0
SURFNET,50,68,LocalSearch,3,24.47396357137008,0.0
SURFNET,50,68,ILP,3,24.47396357137008,0.1510000228881836
Bell South ,51,66,Greedy,3,1955.3427596857057,0.0
Bell South ,51,66,LocalSearch,3,1903.6243620703103,0.0009999275207519531
Bell South ,51,66,ILP,3,1903.6243620703103,0.14100003242492676
BT Latin America,51,50,Greedy,3,0.0,0.0
BT Latin America,51,50,LocalSearch,3,0.0,0.0
BT Latin America,51,50,ILP,3,0.0,0.12899994850158691
CUDI,51,52,Greedy,3,63.037537464047766,0.0
CUDI,51,52,LocalSearch,3,60.23001875262073,0.0
CUDI,51,52,ILP,3,60.23001875262071,0.12199997901916504
IRIS Networks ,51,64,Greedy,3,482.1186020475008,0.0
IRIS Networks ,51,64,LocalSearch,3,234.67872340836817,0.0
IRIS Networks ,51,64,ILP,3,234.6787234083682,0.1360001564025879
CESNET,52,63,Greedy,3,384.91135834461244,0.0
CESNET,52,63,LocalSearch,3,351.9305404877783,0.0010001659393310547
CESNET,52,63,ILP,3,351.93054048777833,0.13699984550476074
BTN ,53,65,Greedy,3,4310.377115551868,0.0
BTN ,53,65,LocalSearch,3,3750.842215349249,0.002000093460083008
BTN ,53,65,ILP,3,3750.8422153492484,0.1380000114440918
Tinet,53,89,Greedy,3,4633.618395907575,0.0
Tinet,53,89,LocalSearch,3,2475.4260556886284,0.0
Tinet,53,89,ILP,3,2475.4260556886284,0.1640000343322754
GARR,54,68,Greedy,3,1111.2110919887573,0.0
GARR,54,68,LocalSearch,3,960.7455362911884,0.0
GARR,54,68,ILP,3,960.7455362911885,0.1530001163482666
GARR,54,68,Greedy,3,1111.2110919887573,0.0
GARR,54,68,LocalSearch,3,960.7455362911884,0.0009999275207519531
GARR,54,68,ILP,3,960.7455362911885,0.14700007438659668
GARR,54,68,Greedy,3,1112.5135972343876,0.0
GARR,54,68,LocalSearch,3,971.2292108400552,0.0
GARR,54,68,ILP,3,971.2292108400551,0.1380000114440918
GARR,54,68,Greedy,3,1112.5135972343876,0.0
GARR,54,68,LocalSearch,3,971.2292108400552,0.0009999275207519531
GARR,54,68,ILP,3,971.2292108400551,0.15200018882751465
GARR,54,68,Greedy,3,1112.5135972343876,0.0
GARR,54,68,LocalSearch,3,971.2292108400552,0.0009999275207519531
GARR,54,68,ILP,3,971.2292108400551,0.1510000228881836
GARR,54,68,Greedy,3,1112.5135972343876,0.0
GARR,54,68,LocalSearch,3,971.2292108400552,0.0009999275207519531
GARR,54,68,ILP,3,971.2292108400551,0.17100000381469727
GARR,55,69,Greedy,3,1138.9966118215532,0.0
GARR,55,69,LocalSearch,3,977.1616919649299,0.0
GARR,55,69,ILP,3,977.1616919649297,0.15700006484985352
GARR,55,69,Greedy,3,1144.43514255292,0.0
GARR,55,69,LocalSearch,3,982.8321596467754,0.0010001659393310547
GARR,55,69,ILP,3,982.8321596467754,0.14800000190734863
GARR,55,69,Greedy,3,1148.3119021732018,0.0
GARR,55,69,LocalSearch,3,969.3732064720981,0.0010001659393310547
GARR,55,69,ILP,3,969.3732064720979,0.16199994087219238
GARR,55,69,Greedy,3,1148.3119021732018,0.0
GARR,55,69,LocalSearch,3,969.3732064720981,0.0010001659393310547
GARR,55,69,ILP,3,969.3732064720979,0.14499998092651367
Hibernia Atlantic ,55,81,Greedy,3,3327.317889838586,0.0
Hibernia Atlantic ,55,81,LocalSearch,3,1563.3495867099825,0.0009999275207519531
Hibernia Atlantic ,55,81,ILP,3,1563.349586709982,0.15899991989135742
GARR,56,70,Greedy,3,1165.0454523393591,0.0
GARR,56,70,LocalSearch,3,992.1140269586575,0.0009999275207519531
GARR,56,70,ILP,3,992.1140269586576,0.15700006484985352
GARR,56,70,Greedy,3,1165.0454523393591,0.0
GARR,56,70,LocalSearch,3,992.1140269586575,0.0010001659393310547
GARR,56,70,ILP,3,992.1140269586576,0.14999985694885254
GARR,56,70,Greedy,3,1165.0454523393591,0.0
GARR,56,70,LocalSearch,3,992.1140269586575,0.0009999275207519531
GARR,56,70,ILP,3,992.1140269586576,0.15899991989135742
GARR,57,71,Greedy,3,1149.4059898551252,0.0
GARR,57,71,LocalSearch,3,996.748456068632,0.0009999275207519531
GARR,57,71,ILP,3,996.7484560686322,0.1700000762939453
DFN,58,87,Greedy,3,541.7893495441812,0.0
DFN,58,87,LocalSearch,3,541.7893495441812,0.0009999275207519531
DFN,58,87,ILP,3,541.7893495441812,0.18800020217895508
GARR,58,72,Greedy,3,1173.5560999168094,0.0
GARR,58,72,LocalSearch,3,991.4211564918184,0.0019998550415039062
GARR,58,72,ILP,3,991.4211564918182,0.17100000381469727
GARR,59,74,Greedy,3,1207.8850739871239,0.0
GARR,59,74,LocalSearch,3,964.4460093930231,0.0010001659393310547
GARR,59,74,ILP,3,964.446009393023,0.18400001525878906
GARR,59,74,Greedy,3,1228.631527494662,0.0
GARR,59,74,LocalSearch,3,960.4941532929203,0.0009999275207519531
GARR,59,74,ILP,3,960.4941532929207,0.18199992179870605
GARR,59,74,Greedy,3,1228.631527494662,0.0
GARR,59,74,LocalSearch,3,960.4941532929203,0.0009999275207519531
GARR,59,74,ILP,3,960.4941532929207,0.1919999122619629
GARR,59,74,Greedy,3,1228.631527494662,0.0
GARR,59,74,LocalSearch,3,960.4941532929203,0.0009999275207519531
GARR,59,74,ILP,3,960.4941532929207,0.18799996376037598
GARR,59,74,Greedy,3,1228.6022523901236,0.0
GARR,59,74,LocalSearch,3,960.5717330270917,0.002000093460083008
GARR,59,74,ILP,3,960.5717330270918,0.17799997329711914
GARR,59,74,Greedy,3,1228.6022523901236,0.0
GARR,59,74,LocalSearch,3,960.5717330270917,0.0010001659393310547
GARR,59,74,ILP,3,960.5717330270918,0.17300009727478027
GARR,60,74,Greedy,3,1115.456766830038,0.0
GARR,60,74,LocalSearch,3,937.2069144449755,0.0010001659393310547
GARR,60,74,ILP,3,937.2069144449754,0.18199992179870605
GARR,61,75,Greedy,3,1165.8637503587474,0.0
GARR,61,75,LocalSearch,3,1023.2992841247365,0.0009999275207519531
GARR,61,75,ILP,3,1023.2992841247367,0.8239998817443848
GARR,61,75,Greedy,3,1165.8637503587474,0.0009999275207519531
GARR,61,75,LocalSearch,3,1023.2992841247365,0.0010001659393310547
GARR,61,75,ILP,3,1023.2992841247367,0.7689998149871826
FORTHNET,62,62,Greedy,3,908.337466128526,0.0
FORTHNET,62,62,LocalSearch,3,908.3374661285262,0.0009999275207519531
FORTHNET,62,62,ILP,3,908.3374661285263,0.2070000171661377
US Signal,63,78,Greedy,3,0.0,0.0
US Signal,63,78,LocalSearch,3,0.0,0.0009999275207519531
US Signal,63,78,ILP,3,0.0,0.17499995231628418
ASNET-AM,65,77,Greedy,3,74.21142545637683,0.0
ASNET-AM,65,77,LocalSearch,3,72.51500455465788,0.002000093460083008
ASNET-AM,65,77,ILP,3,72.51500455465789,0.2389998435974121
Internode,66,77,Greedy,3,19473.513373541195,0.0
Internode,66,77,LocalSearch,3,18461.716060617877,0.002000093460083008
Internode,66,77,ILP,3,18461.716060617877,0.2239999771118164
GlobeNet,67,95,Greedy,3,10123.901445174371,0.0
GlobeNet,67,95,LocalSearch,3,10123.901445174371,0.0019998550415039062
GlobeNet,67,95,ILP,3,10123.901445174371,0.22300004959106445
Missouri Network Alliance ,67,83,Greedy,3,757.5552055353894,0.0
Missouri Network Alliance ,67,83,LocalSearch,3,732.6360540436714,0.002000093460083008
Missouri Network Alliance ,67,83,ILP,3,732.6360540436716,0.24099993705749512
ESnet,68,79,Greedy,3,5080.4188233639,0.0
ESnet,68,79,LocalSearch,3,5063.485458716885,0.0009999275207519531
ESnet,68,79,ILP,3,5063.485458716885,0.21499991416931152
LATNET,69,74,Greedy,3,305.19168311675713,0.0
LATNET,69,74,LocalSearch,3,303.7254291910352,0.0009999275207519531
LATNET,69,74,ILP,3,303.7254291910353,0.26600003242492676
Uninett,69,96,Greedy,3,2001.2947995605018,0.0
Uninett,69,96,LocalSearch,3,1195.023558971871,0.0019998550415039062
Uninett,69,96,ILP,3,1195.023558971871,0.25300002098083496
Columbus Networks,70,85,Greedy,3,6138.305686439501,0.0
Columbus Networks,70,85,LocalSearch,3,4411.5724132256555,0.002000093460083008
Columbus Networks,70,85,ILP,3,4411.5724132256555,0.252000093460083
Intellifiber,73,95,Greedy,3,1651.7388781787085,0.0
Intellifiber,73,95,LocalSearch,3,1037.9137339441822,0.002000093460083008
Intellifiber,73,95,ILP,3,1037.9137339441827,0.2949998378753662
Tecove (level3),73,70,Greedy,3,0.0,0.0
Tecove (level3),73,70,LocalSearch,3,0.0,0.0
Tecove (level3),73,70,ILP,3,0.0,0.27900004386901855
Sinet,74,76,Greedy,3,874.4796168588992,0.0
Sinet,74,76,LocalSearch,3,792.7994501443778,0.002000093460083008
Sinet,74,76,ILP,3,792.7994501443776,0.28299999237060547
SWITCH,74,92,Greedy,3,686.6627630894214,0.0
SWITCH,74,92,LocalSearch,3,547.0720566245419,0.0019998550415039062
SWITCH,74,92,ILP,3,547.0720566245419,0.31400012969970703
Syringa Networks,74,74,Greedy,3,1046.9938248080073,0.0
Syringa Networks,74,74,LocalSearch,3,1005.1533950414424,0.003000020980834961
Syringa Networks,74,74,ILP,3,1005.1533950414425,0.3210000991821289
Uninett,74,101,Greedy,3,2037.4838575831798,0.0
Uninett,74,101,LocalSearch,3,1269.557784387598,0.0
Uninett,74,101,ILP,3,1269.557784387598,0.3130002021789551
TW Telecom,76,115,Greedy,3,0.0,0.0
TW Telecom,76,115,LocalSearch,3,0.0,0.0
TW Telecom,76,115,ILP,3,0.0,0.2890000343322754
ULAKNET,82,82,Greedy,3,697.6170065852052,0.0
ULAKNET,82,82,LocalSearch,3,697.6170065852053,0.002000093460083008
ULAKNET,82,82,ILP,3,697.6170065852052,0.3689999580383301
Bestel ,84,93,Greedy,3,3690.621796375531,0.0
Bestel ,84,93,LocalSearch,3,3460.4649695010635,0.0
Bestel ,84,93,ILP,3,3460.4649695010626,0.4739999771118164
Viatel,88,92,Greedy,3,2138.6906147817867,0.0
Viatel,88,92,LocalSearch,3,1889.454057799148,0.002000093460083008
Viatel,88,92,ILP,3,1889.4540577991474,0.45399999618530273
Viatel,92,96,Greedy,3,2520.6415875488456,0.0
Viatel,92,96,LocalSearch,3,1886.1808275812184,0.0029997825622558594
Viatel,92,96,ILP,3,1886.1808275812182,0.5360000133514404
OTEGlobe ,93,103,Greedy,3,0.0,0.0
OTEGlobe ,93,103,LocalSearch,3,0.0,0.0009999275207519531
OTEGlobe ,93,103,ILP,3,0.0,0.49899983406066895
Interroute ,110,146,Greedy,3,4238.200199520417,0.0
Interroute ,110,146,LocalSearch,3,4238.200199520417,0.003999948501586914
Interroute ,110,146,ILP,3,4238.200199520416,0.8169999122619629
ITC Deltacom ,113,161,Greedy,3,249.67669188831593,0.0
ITC Deltacom ,113,161,LocalSearch,3,249.67669188831596,0.003000020980834961
ITC Deltacom ,113,161,ILP,3,249.67669188831593,0.9099998474121094
ION,125,146,Greedy,3,2270.922358322214,0.0
ION,125,146,LocalSearch,3,2270.922358322214,0.004999876022338867
ION,125,146,ILP,3,2270.9223583222147,1.063000202178955
PERN,127,129,Greedy,3,1615.9748877287784,0.0
PERN,127,129,LocalSearch,3,1615.9748877287786,0.003000020980834961
PERN,127,129,ILP,3,1615.9748877287782,1.0949997901916504
TATA,145,186,Greedy,3,4889.81349589936,0.0
TATA,145,186,LocalSearch,3,4830.908029945476,0.00800013542175293
TATA,145,186,ILP,3,4830.908029945477,1.7969999313354492
GTS CE,149,193,Greedy,3,5395.114626929733,0.0
GTS CE,149,193,LocalSearch,3,5395.114626929731,0.003999948501586914
GTS CE,149,193,ILP,3,5395.114626929734,1.8799998760223389
Colt Telecom ,153,177,Greedy,3,6361.8800090573695,0.0
Colt Telecom ,153,177,LocalSearch,3,4786.5867880889555,0.007999897003173828
US Carrier,158,189,Greedy,3,5873.743975160091,0.0
US Carrier,158,189,LocalSearch,3,4023.096290568036,0.00800013542175293
Dial Telecom ,193,151,Greedy,3,0.0,0.0009999275207519531
Dial Telecom ,193,151,LocalSearch,3,0.0,0.003000020980834961
Cogent ,197,243,Greedy,3,13035.366933291518,0.0
Cogent ,197,243,LocalSearch,3,9480.81557791029,0.009999990463256836
Kentucky Datalink ,754,895,Greedy,3,27996.312852186747,0.003000020980834961
Kentucky Datalink ,754,895,LocalSearch,3,19622.026835024386,0.08800005912780762
